num,style,topic,intent,subject,en,cn,ens,manpu
01,超现实主义,等待,一块石头悬在半空 迟迟不落,巨大漂浮卵石 悬于画面中部 下方一道细长投影,WAITING,悬着的终会落下,what hangs will fall,
02,极简主义,停顿,一句话说到一半 停住了,极简单一墨点 位于画面下部偏右 无衬线几何,PAUSE,停一下也是回答,a pause is an answer,
03,波普艺术,追捧,货架上一排罐头 被抢空,巨大重复罐头阵列与网点 仅一罐独立,FETISH,排队买同一个,queuing for the same one,
04,1960s 波兰海报,沉默,一只手举起来 又放下,巨手与飞鸟剪影 手指向下,SILENCE,举起的手又放下,the hand went down again,
05,木刻版画,生长,老树被砍 又从根上发芽,巨大老树桩与新芽 黑白高对比,GROWTH,砍断的也会再长,the cut grows back,
06,青绿山水,远游,一叶小舟 划进山深处,孤置青绿山形与小舟 石青石绿设色,VOYAGE,山深处有人来,someone comes deep in,
07,非洲面具,面具,戴上面具 话就变了一个人,巨大非洲木雕面具 正面直视 强对比,MASK,戴上脸就换了,the face changes when worn,
08,新艺术运动,缠绕,藤蔓从高处垂落 绕住栏杆,巨大曲线藤蔓与花 自上方垂落至画面中下部 动势向下,TANGLE,缠着的东西难解,what twines is hard to undo,
09,拜占庭马赛克,圣像,满铺金底 圣像目光直视,满铺镶嵌圣像与金底 彩色石子拼嵌,ICON,它一直看着你,it has been watching,1
